timestamp,elapsed_seconds,phase,def_fe_cpu_m,def_be_cpu_m,def_mongo_cpu_m,def_neo4j_cpu_m,def_fe_mem_mb,def_be_mem_mb,def_mongo_mem_mb,def_neo4j_mem_mb,adp_fe_cpu_m,adp_be_cpu_m,adp_mongo_cpu_m,adp_neo4j_cpu_m,adp_fe_mem_mb,adp_be_mem_mb,adp_mongo_mem_mb,adp_neo4j_mem_mb,default_app_replicas,adaptive_app_replicas
2026-10-08T14:44:49,1.4,Active Traffic,0.03,1.75,36.34,14.57,11.25,41.95,80.16,528.33,0.02,2,146.45,7.17,10.42,40.68,135.19,441.5,2,2
2026-10-08T14:44:55,7,Active Traffic,0.02,2.46,63.48,14.02,11.25,42,80.15,528.33,0.02,2.41,184.07,6.06,10.42,40.68,135.19,441.5,2,2
2026-10-08T14:45:00,12.4,Active Traffic,0.02,2.46,38.36,17.18,11.25,42,80.15,528.27,0.02,3.13,184.07,9.78,10.42,40.5,135.19,441.43,2,2
2026-10-08T14:45:07,19.1,Active Traffic,0.02,2.13,32.54,15.72,11.25,42,80.15,528.27,0.02,3.22,150.09,9.78,10.42,40.5,135.19,441.43,2,2
2026-10-08T14:45:12,24.6,Active Traffic,0.05,3.16,75.03,19.54,11.25,42.04,80.15,528.27,0.02,3.19,172.85,10.07,10.42,40.5,244.3,441.43,2,2
2026-10-08T14:45:17,29.4,Idle Quiescence,0.05,3.16,98.1,17.97,11.25,42.04,80.15,528.27,0.01,2.88,250.7,11.56,10.42,40.5,244.3,441.43,2,2
2026-10-08T14:45:22,34.2,Idle Quiescence,0.04,3.28,185.88,16.18,11.25,42.04,80.14,528.27,0.09,4.39,250.7,9.42,10.42,40.64,244.3,441.43,2,2
2026-10-08T14:45:27,38.9,Idle Quiescence,0.04,2.92,199.92,10.74,11.25,42.04,80.14,528.27,0.1,4.31,199.46,9.67,10.42,40.64,244.3,441.43,2,2
2026-10-08T14:45:31,43.6,Idle Quiescence,0.04,4.24,174.64,19.84,11.25,42.16,80.14,527.86,0.08,4.5,259.92,14.39,10.42,40.65,134.84,441.41,2,2
2026-10-08T14:45:36,48.4,Idle Quiescence,0.04,3.44,145.85,20.48,11.25,42.16,80.14,527.93,0.08,4.08,208.25,12.73,10.42,40.71,425.07,441.41,2,2
2026-10-08T14:45:41,53.2,Idle Quiescence,0.05,3.19,122.13,20.84,11.25,42.16,80.14,527.93,0.08,4.08,208.25,15.12,10.42,40.71,425.07,441.41,2,2
2026-10-08T14:45:46,58,Idle Quiescence,0.06,3.67,212.97,21.23,11.24,42.23,80.12,526.84,0.09,3.64,222.26,14.53,10.42,40.71,133.3,441.3,2,2
2026-10-08T14:45:51,62.7,Idle Quiescence,0.06,3.41,212.97,21.57,11.24,42.23,80.12,526.84,0.08,3.08,218.75,14.53,10.42,40.71,133.3,441.3,2,2
2026-10-08T14:45:58,69.7,Idle Quiescence,0.03,3.19,206.59,20.62,11.24,42.28,80.2,526.84,0,0,255.59,15.28,0,0,133.3,441.3,2,0
2026-10-08T14:46:02,73.9,Idle Quiescence,0.03,2.71,135.52,17.42,11.24,42.28,80.2,526.84,0,0,205.62,12.26,0,0,133.3,441.3,2,0
2026-10-08T14:46:06,78.1,Idle Quiescence,0.03,2.71,166.12,15.66,11.24,42.28,80.2,526.84,0,0,228.21,13.34,0,0,133.14,441.3,2,0
2026-10-08T14:46:12,84,Demand Resumption,0.04,2.24,209.02,16.17,11.24,42.28,80.2,526.84,0.06,2.05,206.16,13.34,10.42,40.71,133.14,441.3,2,2
2026-10-08T14:46:17,88.8,Demand Resumption,0.02,2.73,209.02,20.13,11.24,42.29,80.2,526.83,0.04,1.83,206.16,10.75,10.62,44.39,133.14,441.3,2,2
2026-10-08T14:46:21,93.6,Demand Resumption,0.02,2.72,148.32,16.31,11.24,42.29,80.2,526.83,0.04,1.6,167.8,8.99,10.62,44.39,133.14,441.3,2,2
2026-10-08T14:46:26,98.3,Demand Resumption,0.01,2.72,171.07,19.12,11.24,42.29,80.2,526.83,0,1.47,194.76,13.16,10.62,44.39,133.14,441.3,2,2
2026-10-08T14:46:31,103.1,Demand Resumption,0.02,2.08,171.07,18.26,11.24,42.29,80.2,526.83,0,1.22,166.61,13.17,10.62,44.39,133.14,441.3,2,2
